time,Direction,Lead_hours,Source_time,Speed
2024-01-25 21:00:00+00:00,S,1,1706209200,9.83488
2024-01-26 00:00:00+00:00,S,1,1706220000,11.176
2024-01-26 03:00:00+00:00,W,1,1706230800,13.85824
2024-01-26 06:00:00+00:00,W,1,1706241600,17.8816
2024-01-26 09:00:00+00:00,WSW,1,1706252400,12.96416
2024-01-26 12:00:00+00:00,WSW,1,1706263200,16.09344
2024-01-26 15:00:00+00:00,SW,1,1706274000,16.09344
2024-01-26 18:00:00+00:00,SW,1,1706284800,15.19936
2024-01-26 21:00:00+00:00,WSW,1,1706295600,16.98752
2024-01-27 00:00:00+00:00,SW,1,1706306400,13.85824
2024-01-27 03:00:00+00:00,SW,1,1706317200,15.19936
2024-01-27 09:00:00+00:00,SW,1,1706338800,16.98752
2024-01-27 12:00:00+00:00,WSW,1,1706349600,12.96416
2024-01-27 15:00:00+00:00,WSW,1,1706360400,13.85824
2024-01-28 03:00:00+00:00,S,1,1706403600,12.96416
2024-01-28 06:00:00+00:00,S,1,1706414400,12.070079999999999
2024-01-28 09:00:00+00:00,S,1,1706425200,13.85824
2024-01-28 12:00:00+00:00,S,1,1706436000,16.09344
2024-01-28 18:00:00+00:00,WSW,1,1706457600,17.8816
2024-01-28 21:00:00+00:00,W,1,1706468400,15.19936
2024-01-29 00:00:00+00:00,WSW,1,1706479200,12.070079999999999
2024-01-29 03:00:00+00:00,WSW,1,1706490000,15.19936
2024-01-29 06:00:00+00:00,W,1,1706500800,9.83488
2024-01-29 09:00:00+00:00,WSW,1,1706511600,8.9408
2024-01-29 12:00:00+00:00,SW,1,1706522400,9.83488
2024-01-29 15:00:00+00:00,WSW,1,1706533200,8.04672
2024-01-29 18:00:00+00:00,SW,1,1706544000,8.04672
2024-01-29 21:00:00+00:00,SSW,1,1706554800,5.81152
2024-01-30 00:00:00+00:00,SSW,1,1706565600,5.81152
2024-01-30 03:00:00+00:00,SSW,1,1706576400,5.81152
2024-01-30 09:00:00+00:00,SSW,1,1706598000,7.15264
2024-01-30 12:00:00+00:00,SW,1,1706608800,9.83488
2024-01-30 15:00:00+00:00,SW,1,1706619600,11.176
2024-01-30 18:00:00+00:00,SW,1,1706630400,12.96416
2024-01-31 00:00:00+00:00,SW,1,1706652000,12.96416
2024-01-31 03:00:00+00:00,SSW,1,1706662800,13.85824
2024-01-31 06:00:00+00:00,S,1,1706673600,16.09344
2024-01-31 09:00:00+00:00,SSW,1,1706684400,21.90496
2024-01-31 12:00:00+00:00,W,1,1706695200,20.1168
2024-01-31 15:00:00+00:00,W,1,1706706000,21.90496
2024-01-31 18:00:00+00:00,W,1,1706716800,21.01088
2024-01-31 21:00:00+00:00,WNW,1,1706727600,21.90496
2024-02-01 06:00:00+00:00,WNW,1,1706760000,19.22272
2024-02-01 09:00:00+00:00,W,1,1706770800,12.070079999999999
2024-02-01 12:00:00+00:00,W,1,1706781600,12.96416
2024-02-01 15:00:00+00:00,WSW,1,1706792400,12.96416
2024-02-01 18:00:00+00:00,SW,1,1706803200,9.83488
2024-02-01 21:00:00+00:00,WSW,1,1706814000,13.85824
2024-02-02 03:00:00+00:00,WSW,1,1706835600,19.22272
2024-02-02 06:00:00+00:00,WSW,1,1706846400,20.1168
2024-02-02 09:00:00+00:00,WSW,1,1706857200,17.8816
2024-02-02 12:00:00+00:00,WSW,1,1706868000,20.1168
2024-02-02 15:00:00+00:00,WSW,1,1706878800,21.01088
2024-02-02 18:00:00+00:00,WSW,1,1706889600,19.22272
2024-02-02 21:00:00+00:00,W,1,1706900400,19.22272
2024-02-03 00:00:00+00:00,W,1,1706911200,17.8816
2024-02-03 03:00:00+00:00,W,1,1706922000,16.09344
2024-02-03 06:00:00+00:00,W,1,1706932800,19.22272
2024-02-03 09:00:00+00:00,W,1,1706943600,20.1168
2024-02-03 15:00:00+00:00,W,1,1706965200,21.01088
2024-02-03 21:00:00+00:00,W,1,1706986800,17.8816
2024-02-04 00:00:00+00:00,WNW,1,1706997600,20.1168
2024-02-04 03:00:00+00:00,WNW,1,1707008400,16.09344
2024-02-04 09:00:00+00:00,W,1,1707030000,17.8816
2024-02-04 12:00:00+00:00,WNW,1,1707040800,16.09344
2024-02-04 15:00:00+00:00,WNW,1,1707051600,12.070079999999999
2024-02-04 18:00:00+00:00,WNW,1,1707062400,15.19936
2024-02-05 00:00:00+00:00,NW,1,1707084000,5.81152
2024-02-05 03:00:00+00:00,WNW,1,1707094800,4.91744
2024-02-05 06:00:00+00:00,WSW,1,1707105600,4.02336
2024-02-05 09:00:00+00:00,SSW,1,1707116400,5.81152
2024-02-05 12:00:00+00:00,SW,1,1707127200,4.91744
2024-02-05 15:00:00+00:00,E,1,1707138000,4.02336
2024-02-05 18:00:00+00:00,ESE,1,1707148800,4.91744
2024-02-05 21:00:00+00:00,SSE,1,1707159600,8.9408
2024-02-06 00:00:00+00:00,W,1,1707170400,11.176
2024-02-06 03:00:00+00:00,W,1,1707181200,9.83488
2024-02-06 09:00:00+00:00,W,1,1707202800,16.09344
2024-02-06 12:00:00+00:00,NNW,1,1707213600,12.96416
2024-02-06 15:00:00+00:00,NNW,1,1707224400,20.1168
2024-02-06 18:00:00+00:00,N,1,1707235200,12.070079999999999
2024-02-06 21:00:00+00:00,NW,1,1707246000,7.15264
2024-02-07 00:00:00+00:00,NW,1,1707256800,3.12928
2024-02-07 03:00:00+00:00,SW,1,1707267600,3.12928
2024-02-07 06:00:00+00:00,NNW,1,1707278400,5.81152
2024-02-07 09:00:00+00:00,NW,1,1707289200,7.15264
2024-02-07 12:00:00+00:00,WNW,1,1707300000,12.070079999999999
2024-02-07 15:00:00+00:00,NNW,1,1707310800,12.96416
2024-02-07 18:00:00+00:00,NNW,1,1707321600,11.176
2024-02-07 21:00:00+00:00,NNW,1,1707332400,3.12928
2024-02-08 00:00:00+00:00,WNW,1,1707343200,4.91744
2024-02-08 03:00:00+00:00,NW,1,1707354000,5.81152
2024-02-08 06:00:00+00:00,NNW,1,1707364800,7.15264
2024-02-08 09:00:00+00:00,N,1,1707375600,7.15264
2024-02-08 12:00:00+00:00,E,1,1707386400,1.78816
2024-02-08 15:00:00+00:00,NE,1,1707397200,7.15264
2024-02-08 18:00:00+00:00,ENE,1,1707408000,4.02336
2024-02-08 21:00:00+00:00,E,1,1707418800,8.04672
2024-02-09 00:00:00+00:00,E,1,1707429600,9.83488
2024-02-09 03:00:00+00:00,ESE,1,1707440400,9.83488
2024-02-09 06:00:00+00:00,E,1,1707451200,11.176
2024-02-09 09:00:00+00:00,ESE,1,1707462000,8.04672
2024-02-09 12:00:00+00:00,ESE,1,1707472800,15.19936
2024-02-09 15:00:00+00:00,ESE,1,1707483600,13.85824
2024-02-09 18:00:00+00:00,E,1,1707494400,15.19936
2024-02-09 21:00:00+00:00,ESE,1,1707505200,16.98752
2024-02-10 00:00:00+00:00,E,1,1707516000,16.09344
2024-02-10 03:00:00+00:00,ESE,1,1707526800,15.19936
2024-02-10 06:00:00+00:00,E,1,1707537600,16.09344
2024-02-10 09:00:00+00:00,E,1,1707548400,16.09344
2024-02-10 12:00:00+00:00,E,1,1707559200,16.09344
2024-02-10 15:00:00+00:00,E,1,1707570000,16.09344
2024-02-10 18:00:00+00:00,E,1,1707580800,16.98752
2024-02-10 21:00:00+00:00,E,1,1707591600,16.98752
2024-02-11 00:00:00+00:00,ESE,1,1707602400,12.96416
2024-02-11 03:00:00+00:00,SE,1,1707613200,12.070079999999999
2024-02-11 06:00:00+00:00,SE,1,1707624000,11.176
2024-02-11 09:00:00+00:00,SSE,1,1707634800,4.91744
2024-02-11 12:00:00+00:00,SSE,1,1707645600,7.15264
2024-02-11 15:00:00+00:00,SE,1,1707656400,9.83488
2024-02-11 18:00:00+00:00,SSE,1,1707667200,8.04672
2024-02-11 21:00:00+00:00,SSE,1,1707678000,8.04672
2024-02-12 00:00:00+00:00,SSE,1,1707688800,7.15264
2024-02-12 03:00:00+00:00,SW,1,1707699600,3.12928
2024-02-12 06:00:00+00:00,WSW,1,1707710400,7.15264
2024-02-12 09:00:00+00:00,SW,1,1707721200,5.81152
2024-02-12 12:00:00+00:00,SSW,1,1707732000,5.81152
2024-02-12 15:00:00+00:00,S,1,1707742800,8.04672
2024-02-12 18:00:00+00:00,S,1,1707753600,8.04672
2024-02-12 21:00:00+00:00,SSW,1,1707764400,5.81152
2024-02-13 00:00:00+00:00,W,1,1707775200,4.91744
2024-02-13 03:00:00+00:00,WSW,1,1707786000,12.070079999999999
2024-02-13 06:00:00+00:00,WSW,1,1707796800,8.9408
2024-02-13 09:00:00+00:00,SW,1,1707807600,12.070079999999999
2024-02-13 12:00:00+00:00,SSW,1,1707818400,12.070079999999999
2024-02-13 15:00:00+00:00,SW,1,1707829200,15.19936
2024-02-13 18:00:00+00:00,WSW,1,1707840000,12.070079999999999
2024-02-13 21:00:00+00:00,WNW,1,1707850800,12.070079999999999
2024-02-14 00:00:00+00:00,W,1,1707861600,9.83488
2024-02-14 03:00:00+00:00,WSW,1,1707872400,9.83488
2024-02-14 06:00:00+00:00,WSW,1,1707883200,8.04672
2024-02-14 09:00:00+00:00,SW,1,1707894000,7.15264
2024-02-14 12:00:00+00:00,SW,1,1707904800,7.15264
2024-02-14 15:00:00+00:00,SW,1,1707915600,3.12928
2024-02-14 21:00:00+00:00,SE,1,1707937200,3.12928
2024-02-15 00:00:00+00:00,ESE,1,1707948000,4.91744
2024-02-15 03:00:00+00:00,ESE,1,1707958800,8.04672
2024-02-15 06:00:00+00:00,E,1,1707969600,8.9408
2024-02-15 09:00:00+00:00,E,1,1707980400,9.83488
2024-02-15 12:00:00+00:00,E,1,1707991200,9.83488
2024-02-15 15:00:00+00:00,E,1,1708002000,7.15264
2024-02-15 21:00:00+00:00,N,1,1708023600,5.81152
2024-02-16 00:00:00+00:00,NNW,1,1708034400,7.15264
2024-02-16 03:00:00+00:00,NNE,1,1708045200,7.15264
2024-02-16 06:00:00+00:00,NNE,1,1708056000,8.9408
2024-02-16 09:00:00+00:00,NNE,1,1708066800,8.9408
2024-02-16 12:00:00+00:00,NNE,1,1708077600,8.04672
2024-02-16 15:00:00+00:00,NNE,1,1708088400,7.15264
2024-02-16 18:00:00+00:00,NE,1,1708099200,5.81152
2024-02-16 21:00:00+00:00,ENE,1,1708110000,4.02336
2024-02-17 00:00:00+00:00,E,1,1708120800,3.12928
2024-02-17 03:00:00+00:00,SE,1,1708131600,4.02336
2024-02-17 06:00:00+00:00,SE,1,1708142400,8.04672
2024-02-17 09:00:00+00:00,SE,1,1708153200,9.83488
2024-02-17 12:00:00+00:00,SSE,1,1708164000,11.176
2024-02-17 15:00:00+00:00,SSE,1,1708174800,11.176
2024-02-17 18:00:00+00:00,SSE,1,1708185600,11.176
2024-02-17 21:00:00+00:00,SSE,1,1708196400,11.176
2024-02-18 00:00:00+00:00,S,1,1708207200,7.15264
2024-02-18 03:00:00+00:00,WSW,1,1708218000,11.176
2024-02-18 06:00:00+00:00,W,1,1708228800,9.83488
2024-02-18 09:00:00+00:00,W,1,1708239600,11.176
2024-02-18 12:00:00+00:00,W,1,1708250400,9.83488
2024-02-18 15:00:00+00:00,W,1,1708261200,11.176
2024-02-18 18:00:00+00:00,W,1,1708272000,8.9408
2024-02-18 21:00:00+00:00,W,1,1708282800,8.04672
2024-02-19 00:00:00+00:00,WSW,1,1708293600,8.04672
2024-02-19 03:00:00+00:00,SSW,1,1708304400,4.91744
2024-02-19 06:00:00+00:00,W,1,1708315200,11.176
2024-02-19 09:00:00+00:00,W,1,1708326000,8.9408
2024-02-19 12:00:00+00:00,WSW,1,1708336800,9.83488
2024-02-19 15:00:00+00:00,WSW,1,1708347600,12.070079999999999
2024-02-19 18:00:00+00:00,W,1,1708358400,8.04672
2024-02-19 21:00:00+00:00,SW,1,1708369200,11.176
2024-02-20 00:00:00+00:00,SW,1,1708380000,11.176
2024-02-20 03:00:00+00:00,SSW,1,1708390800,12.070079999999999
2024-02-20 06:00:00+00:00,SSW,1,1708401600,11.176
2024-02-20 09:00:00+00:00,SW,1,1708412400,11.176
2024-02-20 12:00:00+00:00,WSW,1,1708423200,8.9408
2024-02-20 15:00:00+00:00,SW,1,1708434000,8.9408
2024-02-20 18:00:00+00:00,SW,1,1708444800,4.91744
2024-02-20 21:00:00+00:00,W,1,1708455600,8.04672
2024-02-21 00:00:00+00:00,WSW,1,1708466400,8.9408
2024-02-21 03:00:00+00:00,SW,1,1708477200,7.15264
2024-02-21 06:00:00+00:00,SSE,1,1708488000,9.83488
2024-02-21 09:00:00+00:00,SSE,1,1708498800,12.96416
2024-02-21 12:00:00+00:00,SSE,1,1708509600,16.98752
2024-02-21 15:00:00+00:00,S,1,1708520400,12.96416
2024-02-21 18:00:00+00:00,WSW,1,1708531200,12.96416
2024-02-21 21:00:00+00:00,SW,1,1708542000,17.8816
2024-02-22 00:00:00+00:00,SW,1,1708552800,12.070079999999999
2024-02-22 03:00:00+00:00,S,1,1708563600,9.83488
2024-02-22 06:00:00+00:00,S,1,1708574400,11.176
2024-02-22 09:00:00+00:00,SSW,1,1708585200,8.9408
2024-02-22 12:00:00+00:00,SW,1,1708596000,9.83488
2024-02-22 15:00:00+00:00,WSW,1,1708606800,8.9408
2024-02-22 18:00:00+00:00,WSW,1,1708617600,8.9408
2024-02-22 21:00:00+00:00,WSW,1,1708628400,8.9408
2024-02-23 00:00:00+00:00,S,1,1708639200,3.12928
2024-02-23 03:00:00+00:00,WSW,1,1708650000,4.91744
2024-02-23 06:00:00+00:00,W,1,1708660800,4.02336
2024-02-23 09:00:00+00:00,WSW,1,1708671600,4.91744
2024-02-23 15:00:00+00:00,SW,1,1708693200,4.02336
2024-02-23 18:00:00+00:00,SSW,1,1708704000,8.04672
2024-02-23 21:00:00+00:00,SSW,1,1708714800,7.15264
2024-02-24 00:00:00+00:00,SW,1,1708725600,7.15264
2024-02-24 03:00:00+00:00,WSW,1,1708736400,5.81152
2024-02-24 06:00:00+00:00,NW,1,1708747200,4.02336
2024-02-24 09:00:00+00:00,WNW,1,1708758000,5.81152
2024-02-24 12:00:00+00:00,WSW,1,1708768800,4.91744
2024-02-24 15:00:00+00:00,WNW,1,1708779600,8.04672
2024-02-24 18:00:00+00:00,SSW,1,1708790400,1.78816
2024-02-24 21:00:00+00:00,SW,1,1708801200,4.02336
2024-02-25 00:00:00+00:00,WSW,1,1708812000,8.04672
2024-02-25 03:00:00+00:00,SW,1,1708822800,5.81152
2024-02-25 06:00:00+00:00,WSW,1,1708833600,5.81152
2024-02-25 09:00:00+00:00,WSW,1,1708844400,4.91744
2024-02-25 12:00:00+00:00,WSW,1,1708855200,4.91744
2024-02-25 15:00:00+00:00,NW,1,1708866000,5.81152
2024-02-25 18:00:00+00:00,NNW,1,1708876800,7.15264
2024-02-25 21:00:00+00:00,NNE,1,1708887600,11.176
2024-02-26 00:00:00+00:00,N,1,1708898400,8.04672
2024-02-26 03:00:00+00:00,NNW,1,1708909200,7.15264
2024-02-26 06:00:00+00:00,N,1,1708920000,7.15264
2024-02-26 09:00:00+00:00,NE,1,1708930800,4.02336
2024-02-26 12:00:00+00:00,SSE,1,1708941600,3.12928
2024-02-26 15:00:00+00:00,SSW,1,1708952400,5.81152
2024-02-26 18:00:00+00:00,SSW,1,1708963200,8.9408
2024-02-26 21:00:00+00:00,SSW,1,1708974000,9.83488
2024-02-27 00:00:00+00:00,S,1,1708984800,12.070079999999999
2024-02-27 03:00:00+00:00,S,1,1708995600,13.85824
2024-02-27 06:00:00+00:00,S,1,1709006400,13.85824
2024-02-27 09:00:00+00:00,WSW,1,1709017200,11.176
2024-02-27 12:00:00+00:00,WSW,1,1709028000,12.96416
2024-02-27 15:00:00+00:00,WSW,1,1709038800,15.19936
2024-02-27 18:00:00+00:00,W,1,1709049600,8.9408
2024-02-27 21:00:00+00:00,WSW,1,1709060400,13.85824
2024-02-28 00:00:00+00:00,WSW,1,1709071200,13.85824
2024-02-28 03:00:00+00:00,WSW,1,1709082000,12.070079999999999
2024-02-28 06:00:00+00:00,WSW,1,1709092800,11.176
2024-02-28 09:00:00+00:00,SSW,1,1709103600,8.9408
2024-02-28 12:00:00+00:00,S,1,1709114400,8.9408
2024-02-28 15:00:00+00:00,SSE,1,1709125200,12.070079999999999
2024-02-28 18:00:00+00:00,S,1,1709136000,12.070079999999999
2024-02-28 21:00:00+00:00,S,1,1709146800,12.96416
2024-02-29 00:00:00+00:00,S,1,1709157600,11.176
2024-02-29 03:00:00+00:00,SW,1,1709168400,12.070079999999999
2024-02-29 06:00:00+00:00,SW,1,1709179200,13.85824
2024-02-29 09:00:00+00:00,SSW,1,1709190000,17.8816
2024-02-29 12:00:00+00:00,SSW,1,1709200800,20.1168
2024-02-29 15:00:00+00:00,SW,1,1709211600,19.22272
2024-02-29 18:00:00+00:00,SSW,1,1709222400,15.19936
2024-02-29 21:00:00+00:00,SW,1,1709233200,12.96416
2024-03-01 00:00:00+00:00,SW,1,1709244000,12.070079999999999
2024-03-01 03:00:00+00:00,WSW,1,1709254800,9.83488
2024-03-01 06:00:00+00:00,WSW,1,1709265600,5.81152
2024-03-01 09:00:00+00:00,W,1,1709276400,3.12928
2024-03-01 12:00:00+00:00,WSW,1,1709287200,3.12928
2024-03-01 15:00:00+00:00,SW,1,1709298000,4.91744
2024-03-01 18:00:00+00:00,SSW,1,1709308800,4.02336
2024-03-01 21:00:00+00:00,ESE,1,1709319600,4.02336
2024-03-02 00:00:00+00:00,NE,1,1709330400,4.02336
2024-03-02 03:00:00+00:00,ENE,1,1709341200,4.91744
2024-03-02 06:00:00+00:00,ENE,1,1709352000,8.9408
2024-03-02 09:00:00+00:00,ESE,1,1709362800,5.81152
2024-03-02 12:00:00+00:00,ENE,1,1709373600,15.19936
2024-03-02 15:00:00+00:00,E,1,1709384400,15.19936
2024-03-02 18:00:00+00:00,SSE,1,1709395200,13.85824
2024-03-02 21:00:00+00:00,SE,1,1709406000,11.176
2024-03-03 00:00:00+00:00,ESE,1,1709416800,9.83488
2024-03-03 03:00:00+00:00,E,1,1709427600,12.96416
2024-03-03 06:00:00+00:00,E,1,1709438400,12.070079999999999
2024-03-03 09:00:00+00:00,SE,1,1709449200,12.96416
2024-03-03 12:00:00+00:00,SE,1,1709460000,9.83488
2024-03-03 15:00:00+00:00,SE,1,1709470800,9.83488
2024-03-03 18:00:00+00:00,SSE,1,1709481600,8.04672
2024-03-03 21:00:00+00:00,SSE,1,1709492400,8.9408
2024-03-04 00:00:00+00:00,SSE,1,1709503200,7.15264
2024-03-04 03:00:00+00:00,SSE,1,1709514000,7.15264
2024-03-04 06:00:00+00:00,SE,1,1709524800,8.04672
2024-03-04 09:00:00+00:00,SSE,1,1709535600,5.81152
2024-03-04 12:00:00+00:00,SE,1,1709546400,8.9408
2024-03-04 15:00:00+00:00,ESE,1,1709557200,8.9408
2024-03-04 18:00:00+00:00,SE,1,1709568000,8.04672
2024-03-04 21:00:00+00:00,SE,1,1709578800,8.04672
2024-03-05 00:00:00+00:00,SSE,1,1709589600,8.04672
2024-03-05 03:00:00+00:00,SE,1,1709600400,13.85824
2024-03-05 06:00:00+00:00,SE,1,1709611200,13.85824
2024-03-05 09:00:00+00:00,SE,1,1709622000,16.09344
2024-03-05 12:00:00+00:00,SE,1,1709632800,17.8816
2024-03-05 15:00:00+00:00,SE,1,1709643600,15.19936
2024-03-05 18:00:00+00:00,SE,1,1709654400,15.19936
2024-03-05 21:00:00+00:00,SE,1,1709665200,11.176
2024-03-06 00:00:00+00:00,SE,1,1709676000,11.176
2024-03-06 03:00:00+00:00,SSE,1,1709686800,12.070079999999999
2024-03-06 06:00:00+00:00,SE,1,1709697600,11.176
2024-03-06 09:00:00+00:00,SE,1,1709708400,11.176
2024-03-06 12:00:00+00:00,SE,1,1709719200,9.83488
2024-03-06 15:00:00+00:00,SE,1,1709730000,9.83488
2024-03-06 18:00:00+00:00,SE,1,1709740800,9.83488
2024-03-06 21:00:00+00:00,SSE,1,1709751600,11.176
2024-03-07 00:00:00+00:00,SSE,1,1709762400,11.176
2024-03-07 03:00:00+00:00,SSE,1,1709773200,9.83488
2024-03-07 06:00:00+00:00,SSE,1,1709784000,8.9408
2024-03-07 09:00:00+00:00,SSE,1,1709794800,8.9408
2024-03-07 12:00:00+00:00,SSE,1,1709805600,8.04672
2024-03-07 15:00:00+00:00,SSE,1,1709816400,8.9408
2024-03-07 18:00:00+00:00,SSE,1,1709827200,8.9408
2024-03-07 21:00:00+00:00,SE,1,1709838000,8.9408
2024-03-08 00:00:00+00:00,SE,1,1709848800,8.04672
2024-03-08 03:00:00+00:00,SE,1,1709859600,9.83488
2024-03-08 06:00:00+00:00,SE,1,1709870400,9.83488
2024-03-08 09:00:00+00:00,ESE,1,1709881200,9.83488
2024-03-08 12:00:00+00:00,ESE,1,1709892000,11.176
2024-03-08 15:00:00+00:00,ESE,1,1709902800,8.9408
2024-03-08 18:00:00+00:00,E,1,1709913600,9.83488
2024-03-08 21:00:00+00:00,E,1,1709924400,11.176
2024-03-09 00:00:00+00:00,E,1,1709935200,8.9408
2024-03-09 03:00:00+00:00,E,1,1709946000,8.9408
2024-03-09 06:00:00+00:00,E,1,1709956800,8.9408
2024-03-09 09:00:00+00:00,E,1,1709967600,9.83488
2024-03-09 12:00:00+00:00,E,1,1709978400,11.176
2024-03-09 15:00:00+00:00,E,1,1709989200,11.176
2024-03-09 18:00:00+00:00,E,1,1710000000,9.83488
2024-03-09 21:00:00+00:00,ESE,1,1710010800,9.83488
2024-03-10 00:00:00+00:00,ESE,1,1710021600,11.176
2024-03-10 03:00:00+00:00,ESE,1,1710032400,12.070079999999999
2024-03-10 06:00:00+00:00,ESE,1,1710043200,12.070079999999999
2024-03-10 09:00:00+00:00,ESE,1,1710054000,12.96416
2024-03-10 12:00:00+00:00,SE,1,1710064800,13.85824
2024-03-10 15:00:00+00:00,SE,1,1710075600,11.176
2024-03-10 18:00:00+00:00,ESE,1,1710086400,11.176
2024-03-10 21:00:00+00:00,SE,1,1710097200,11.176
2024-03-11 00:00:00+00:00,ESE,1,1710108000,12.070079999999999
2024-03-11 03:00:00+00:00,ESE,1,1710118800,11.176
2024-03-11 06:00:00+00:00,SE,1,1710129600,9.83488
2024-03-11 09:00:00+00:00,SE,1,1710140400,9.83488
2024-03-11 12:00:00+00:00,SE,1,1710151200,8.9408
2024-03-11 15:00:00+00:00,SE,1,1710162000,9.83488
2024-03-11 18:00:00+00:00,SE,1,1710172800,9.83488
2024-03-11 21:00:00+00:00,SE,1,1710183600,8.9408
2024-03-12 00:00:00+00:00,SSE,1,1710194400,8.04672
2024-03-12 03:00:00+00:00,SE,1,1710205200,8.9408
2024-03-12 06:00:00+00:00,SE,1,1710216000,8.9408
2024-03-12 09:00:00+00:00,SSE,1,1710226800,4.91744
2024-03-12 12:00:00+00:00,SSE,1,1710237600,4.02336
2024-03-12 15:00:00+00:00,SSE,1,1710248400,7.15264
2024-03-12 18:00:00+00:00,SSE,1,1710259200,8.9408
2024-03-12 21:00:00+00:00,SSE,1,1710270000,9.83488
2024-03-13 00:00:00+00:00,SSE,1,1710280800,12.070079999999999
2024-03-13 03:00:00+00:00,SSE,1,1710291600,9.83488
2024-03-13 06:00:00+00:00,S,1,1710302400,9.83488
2024-03-13 09:00:00+00:00,SW,1,1710313200,12.070079999999999
2024-03-13 12:00:00+00:00,SW,1,1710324000,15.19936
2024-03-13 15:00:00+00:00,SSW,1,1710334800,15.19936
2024-03-13 18:00:00+00:00,SW,1,1710345600,19.22272
2024-03-13 21:00:00+00:00,SW,1,1710356400,13.85824
2024-03-14 00:00:00+00:00,WSW,1,1710367200,15.19936
2024-03-14 03:00:00+00:00,WSW,1,1710378000,13.85824
2024-03-14 06:00:00+00:00,WSW,1,1710388800,12.96416
2024-03-14 09:00:00+00:00,WSW,1,1710399600,9.83488
2024-03-14 12:00:00+00:00,WNW,1,1710410400,8.04672
2024-03-14 15:00:00+00:00,NNW,1,1710421200,4.02336
2024-03-14 18:00:00+00:00,NNE,1,1710432000,4.91744
2024-03-14 21:00:00+00:00,NE,1,1710442800,7.15264
2024-03-15 00:00:00+00:00,ENE,1,1710453600,8.04672
2024-03-15 03:00:00+00:00,NE,1,1710464400,7.15264
2024-03-15 06:00:00+00:00,NE,1,1710475200,9.83488
2024-03-15 09:00:00+00:00,NNE,1,1710486000,8.9408
2024-03-15 12:00:00+00:00,N,1,1710496800,11.176
2024-03-15 15:00:00+00:00,NNW,1,1710507600,5.81152
2024-03-15 18:00:00+00:00,N,1,1710518400,11.176
2024-03-15 21:00:00+00:00,NNW,1,1710529200,9.83488
2024-03-16 00:00:00+00:00,NNW,1,1710540000,9.83488
2024-03-16 03:00:00+00:00,NNW,1,1710550800,5.81152
2024-03-16 06:00:00+00:00,N,1,1710561600,8.04672
2024-03-16 09:00:00+00:00,NNE,1,1710572400,4.02336
2024-03-16 12:00:00+00:00,E,1,1710583200,3.12928
2024-03-16 15:00:00+00:00,SE,1,1710594000,7.15264
2024-03-16 18:00:00+00:00,SE,1,1710604800,11.176
2024-03-16 21:00:00+00:00,SE,1,1710615600,12.96416
2024-03-17 00:00:00+00:00,SSE,1,1710626400,15.19936
2024-03-17 03:00:00+00:00,SE,1,1710637200,16.09344
2024-03-17 06:00:00+00:00,SSE,1,1710648000,15.19936
2024-03-17 09:00:00+00:00,SSE,1,1710658800,11.176
2024-03-17 12:00:00+00:00,SSE,1,1710669600,9.83488
2024-03-17 15:00:00+00:00,SSE,1,1710680400,8.04672
2024-03-17 18:00:00+00:00,SE,1,1710691200,8.9408
2024-03-17 21:00:00+00:00,SE,1,1710702000,8.9408
2024-03-18 00:00:00+00:00,SSE,1,1710712800,8.9408
2024-03-18 03:00:00+00:00,SSE,1,1710723600,7.15264
2024-03-18 06:00:00+00:00,SSE,1,1710734400,4.91744
2024-03-18 09:00:00+00:00,S,1,1710745200,3.12928
2024-03-18 12:00:00+00:00,SSW,1,1710756000,4.91744
2024-03-18 15:00:00+00:00,SSE,1,1710766800,5.81152
2024-03-18 18:00:00+00:00,SSE,1,1710777600,8.9408
2024-03-18 21:00:00+00:00,S,1,1710788400,9.83488
2024-03-19 00:00:00+00:00,SSE,1,1710799200,13.85824
2024-03-19 03:00:00+00:00,SSE,1,1710810000,12.96416
2024-03-19 06:00:00+00:00,S,1,1710820800,8.9408
2024-03-19 09:00:00+00:00,W,1,1710831600,9.83488
2024-03-19 12:00:00+00:00,WNW,1,1710842400,12.070079999999999
2024-03-19 15:00:00+00:00,WNW,1,1710853200,11.176
2024-03-19 18:00:00+00:00,WNW,1,1710864000,8.9408
2024-03-19 21:00:00+00:00,WNW,1,1710874800,7.15264
2024-03-20 00:00:00+00:00,WSW,1,1710885600,3.12928
2024-03-20 03:00:00+00:00,WSW,1,1710896400,4.02336
2024-03-20 06:00:00+00:00,WNW,1,1710907200,4.91744
2024-03-20 09:00:00+00:00,W,1,1710918000,4.02336
2024-03-20 12:00:00+00:00,W,1,1710928800,4.91744
2024-03-20 15:00:00+00:00,WSW,1,1710939600,3.12928
2024-03-20 18:00:00+00:00,SSW,1,1710950400,1.78816
2024-03-20 21:00:00+00:00,S,1,1710961200,5.81152
2024-03-21 00:00:00+00:00,SSE,1,1710972000,9.83488
2024-03-21 03:00:00+00:00,S,1,1710982800,11.176
2024-03-21 06:00:00+00:00,S,1,1710993600,12.96416
2024-03-21 09:00:00+00:00,SSW,1,1711004400,13.85824
2024-03-21 12:00:00+00:00,SW,1,1711015200,15.19936
2024-03-21 15:00:00+00:00,WSW,1,1711026000,16.98752
2024-03-21 18:00:00+00:00,WSW,1,1711036800,19.22272
2024-03-21 21:00:00+00:00,WSW,1,1711047600,16.09344
2024-03-22 00:00:00+00:00,WSW,1,1711058400,12.96416
2024-03-22 03:00:00+00:00,WSW,1,1711069200,13.85824
2024-03-22 06:00:00+00:00,WSW,1,1711080000,16.98752
2024-03-22 09:00:00+00:00,WSW,1,1711090800,19.22272
2024-03-22 12:00:00+00:00,WSW,1,1711101600,16.98752
2024-03-22 15:00:00+00:00,WSW,1,1711112400,22.799039999999998
2024-03-22 18:00:00+00:00,WSW,1,1711123200,21.01088
2024-03-22 21:00:00+00:00,W,1,1711134000,17.8816
2024-03-23 00:00:00+00:00,W,1,1711144800,13.85824
2024-03-23 03:00:00+00:00,W,1,1711155600,16.09344
2024-03-23 06:00:00+00:00,NW,1,1711166400,15.19936
2024-03-23 09:00:00+00:00,NW,1,1711177200,15.19936
2024-03-23 12:00:00+00:00,NNW,1,1711188000,16.98752
2024-03-23 15:00:00+00:00,NNW,1,1711198800,19.22272
2024-03-23 18:00:00+00:00,NNW,1,1711209600,20.1168
2024-03-23 21:00:00+00:00,N,1,1711220400,16.98752
2024-03-24 00:00:00+00:00,N,1,1711231200,13.85824
2024-03-24 03:00:00+00:00,N,1,1711242000,12.96416
2024-03-24 06:00:00+00:00,N,1,1711252800,13.85824
2024-03-24 09:00:00+00:00,NNE,1,1711263600,9.83488
2024-03-24 12:00:00+00:00,NNE,1,1711274400,11.176
2024-03-24 15:00:00+00:00,NNE,1,1711285200,8.9408
2024-03-24 18:00:00+00:00,NNE,1,1711296000,8.9408
2024-03-24 21:00:00+00:00,NE,1,1711306800,8.04672
2024-03-25 00:00:00+00:00,WNW,1,1711317600,4.91744
2024-03-25 03:00:00+00:00,ENE,1,1711328400,4.91744
2024-03-25 06:00:00+00:00,NE,1,1711339200,4.91744
2024-03-25 09:00:00+00:00,NE,1,1711350000,4.91744
2024-03-25 12:00:00+00:00,S,1,1711360800,3.12928
2024-03-25 15:00:00+00:00,ESE,1,1711371600,5.81152
2024-03-25 18:00:00+00:00,E,1,1711382400,5.81152
2024-03-25 21:00:00+00:00,SE,1,1711393200,1.78816
2024-03-26 00:00:00+00:00,W,1,1711404000,1.78816
2024-03-26 03:00:00+00:00,E,1,1711414800,4.02336
2024-03-26 06:00:00+00:00,SSW,1,1711425600,4.02336
2024-03-26 09:00:00+00:00,NE,1,1711436400,4.02336
2024-03-26 12:00:00+00:00,ESE,1,1711447200,5.81152
2024-03-26 15:00:00+00:00,ESE,1,1711458000,5.81152
2024-03-26 18:00:00+00:00,ENE,1,1711468800,8.04672
2024-03-26 21:00:00+00:00,ENE,1,1711479600,11.176
2024-03-27 00:00:00+00:00,ENE,1,1711490400,8.9408
2024-03-27 03:00:00+00:00,NE,1,1711501200,9.83488
2024-03-27 06:00:00+00:00,NE,1,1711512000,12.070079999999999
2024-03-27 09:00:00+00:00,ENE,1,1711522800,12.070079999999999
2024-03-27 12:00:00+00:00,NNE,1,1711533600,8.04672
2024-03-27 15:00:00+00:00,ENE,1,1711544400,9.83488
2024-03-27 18:00:00+00:00,E,1,1711555200,11.176
2024-03-27 21:00:00+00:00,SSE,1,1711566000,9.83488
2024-03-28 00:00:00+00:00,SE,1,1711576800,9.83488
2024-03-28 03:00:00+00:00,SE,1,1711587600,8.04672
2024-03-28 06:00:00+00:00,ESE,1,1711598400,8.9408
2024-03-28 09:00:00+00:00,ESE,1,1711609200,8.9408
2024-03-28 12:00:00+00:00,E,1,1711620000,8.9408
2024-03-28 15:00:00+00:00,E,1,1711630800,9.83488
2024-03-28 18:00:00+00:00,E,1,1711641600,9.83488
2024-03-28 21:00:00+00:00,ENE,1,1711652400,8.04672
2024-03-29 00:00:00+00:00,NE,1,1711663200,7.15264
2024-03-29 03:00:00+00:00,ESE,1,1711674000,3.12928
2024-03-29 06:00:00+00:00,ESE,1,1711684800,1.78816
2024-03-29 09:00:00+00:00,S,1,1711695600,4.91744
2024-03-29 12:00:00+00:00,S,1,1711706400,4.91744
2024-03-29 15:00:00+00:00,SSE,1,1711717200,4.91744
2024-03-29 18:00:00+00:00,SSE,1,1711728000,7.15264
2024-03-29 21:00:00+00:00,SSE,1,1711738800,4.91744
2024-03-30 00:00:00+00:00,SSW,1,1711749600,4.91744
2024-03-30 03:00:00+00:00,SE,1,1711760400,4.02336
2024-03-30 06:00:00+00:00,S,1,1711771200,4.02336
2024-03-30 09:00:00+00:00,S,1,1711782000,4.02336
2024-03-30 12:00:00+00:00,SE,1,1711792800,3.12928
2024-03-30 15:00:00+00:00,SE,1,1711803600,5.81152
2024-03-30 18:00:00+00:00,SE,1,1711814400,4.02336
2024-03-30 21:00:00+00:00,SE,1,1711825200,3.12928
2024-03-31 00:00:00+00:00,S,1,1711836000,3.12928
2024-03-31 03:00:00+00:00,WSW,1,1711846800,5.81152
2024-03-31 06:00:00+00:00,WSW,1,1711854000,4.91744
2024-03-31 09:00:00+00:00,WSW,1,1711864800,4.91744
2024-03-31 12:00:00+00:00,W,1,1711875600,1.78816
2024-03-31 15:00:00+00:00,N,1,1711886400,3.12928
2024-03-31 18:00:00+00:00,NE,1,1711897200,3.12928
2024-03-31 21:00:00+00:00,ENE,1,1711908000,4.02336
2024-04-01 00:00:00+00:00,ESE,1,1711918800,4.02336
2024-04-01 03:00:00+00:00,ENE,1,1711929600,4.91744
2024-04-01 06:00:00+00:00,ENE,1,1711940400,7.15264
2024-04-01 09:00:00+00:00,ENE,1,1711951200,7.15264
2024-04-01 12:00:00+00:00,ENE,1,1711962000,8.9408
2024-04-01 15:00:00+00:00,NE,1,1711972800,8.04672
2024-04-01 18:00:00+00:00,ENE,1,1711983600,11.176
2024-04-01 21:00:00+00:00,ENE,1,1711994400,12.070079999999999
2024-04-02 00:00:00+00:00,NE,1,1712005200,12.96416
2024-04-02 03:00:00+00:00,NE,1,1712016000,12.96416
2024-04-02 06:00:00+00:00,ENE,1,1712026800,13.85824
2024-04-02 09:00:00+00:00,ENE,1,1712037600,12.96416
2024-04-02 12:00:00+00:00,ENE,1,1712048400,12.96416
2024-04-02 15:00:00+00:00,NE,1,1712059200,12.96416
2024-04-02 18:00:00+00:00,ENE,1,1712070000,13.85824
2024-04-02 21:00:00+00:00,ENE,1,1712080800,13.85824
2024-04-03 00:00:00+00:00,ENE,1,1712091600,15.19936
2024-04-03 03:00:00+00:00,ENE,1,1712102400,15.19936
2024-04-03 06:00:00+00:00,ENE,1,1712113200,15.19936
2024-04-03 09:00:00+00:00,ENE,1,1712124000,13.85824
2024-04-03 12:00:00+00:00,NE,1,1712134800,12.96416
2024-04-03 15:00:00+00:00,ENE,1,1712145600,12.070079999999999
2024-04-03 18:00:00+00:00,NE,1,1712156400,11.176
2024-04-03 21:00:00+00:00,NE,1,1712167200,12.96416
2024-04-04 00:00:00+00:00,NE,1,1712178000,12.070079999999999
2024-04-04 03:00:00+00:00,NE,1,1712188800,11.176
2024-04-04 06:00:00+00:00,NE,1,1712199600,12.96416
2024-04-04 09:00:00+00:00,NE,1,1712210400,8.9408
2024-04-04 12:00:00+00:00,NNE,1,1712221200,9.83488
2024-04-04 15:00:00+00:00,NNE,1,1712232000,8.9408
2024-04-04 18:00:00+00:00,NE,1,1712242800,8.04672
2024-04-04 21:00:00+00:00,NNE,1,1712253600,5.81152
2024-04-05 00:00:00+00:00,NNE,1,1712264400,4.91744
2024-04-05 03:00:00+00:00,NE,1,1712275200,8.04672
2024-04-05 06:00:00+00:00,ENE,1,1712286000,7.15264
2024-04-05 09:00:00+00:00,ESE,1,1712296800,7.15264
2024-04-05 12:00:00+00:00,ESE,1,1712307600,7.15264
2024-04-05 15:00:00+00:00,E,1,1712318400,8.9408
2024-04-05 18:00:00+00:00,E,1,1712329200,9.83488
2024-04-05 21:00:00+00:00,E,1,1712340000,9.83488
2024-04-06 00:00:00+00:00,ESE,1,1712350800,12.070079999999999
2024-04-06 03:00:00+00:00,ESE,1,1712361600,12.96416
2024-04-06 06:00:00+00:00,ESE,1,1712372400,15.19936
2024-04-06 09:00:00+00:00,ESE,1,1712383200,13.85824
2024-04-06 12:00:00+00:00,SE,1,1712394000,16.09344
2024-04-06 15:00:00+00:00,SSE,1,1712404800,13.85824
2024-04-06 18:00:00+00:00,S,1,1712415600,12.070079999999999
2024-04-06 21:00:00+00:00,S,1,1712426400,8.04672
2024-04-07 00:00:00+00:00,SSE,1,1712437200,8.9408
2024-04-07 03:00:00+00:00,SSE,1,1712448000,9.83488
2024-04-07 06:00:00+00:00,S,1,1712458800,9.83488
2024-04-07 09:00:00+00:00,S,1,1712469600,12.070079999999999
2024-04-07 12:00:00+00:00,S,1,1712480400,13.85824
2024-04-07 15:00:00+00:00,S,1,1712491200,15.19936
2024-04-07 18:00:00+00:00,SSW,1,1712502000,11.176
2024-04-07 21:00:00+00:00,S,1,1712512800,12.070079999999999
2024-04-08 00:00:00+00:00,SSW,1,1712523600,12.070079999999999
2024-04-08 03:00:00+00:00,SSW,1,1712534400,13.85824
2024-04-08 06:00:00+00:00,SW,1,1712545200,15.19936
2024-04-08 09:00:00+00:00,SSW,1,1712556000,15.19936
2024-04-08 12:00:00+00:00,SW,1,1712566800,12.96416
2024-04-08 15:00:00+00:00,SW,1,1712577600,9.83488
2024-04-08 18:00:00+00:00,SW,1,1712588400,8.04672
2024-04-08 21:00:00+00:00,SW,1,1712599200,7.15264
2024-04-09 00:00:00+00:00,SSW,1,1712610000,3.12928
2024-04-09 03:00:00+00:00,SW,1,1712620800,3.12928
2024-04-09 06:00:00+00:00,S,1,1712631600,1.78816
2024-04-09 09:00:00+00:00,SSW,1,1712642400,0.89408
2024-04-09 12:00:00+00:00,N,1,1712653200,3.12928
2024-04-09 15:00:00+00:00,NNW,1,1712664000,8.9408
2024-04-09 18:00:00+00:00,NW,1,1712674800,12.070079999999999
2024-04-09 21:00:00+00:00,NW,1,1712685600,9.83488
2024-04-10 00:00:00+00:00,WNW,1,1712696400,12.070079999999999
2024-04-10 03:00:00+00:00,WNW,1,1712707200,5.81152
2024-04-10 06:00:00+00:00,WSW,1,1712718000,9.83488
2024-04-10 09:00:00+00:00,SW,1,1712728800,8.9408
2024-04-10 12:00:00+00:00,SW,1,1712739600,5.81152
2024-04-10 15:00:00+00:00,SSE,1,1712750400,9.83488
2024-04-10 18:00:00+00:00,SSE,1,1712761200,11.176
2024-04-10 21:00:00+00:00,S,1,1712772000,11.176
2024-04-11 00:00:00+00:00,WSW,1,1712782800,13.85824
2024-04-11 03:00:00+00:00,WSW,1,1712793600,13.85824
2024-04-11 06:00:00+00:00,WSW,1,1712804400,15.19936
2024-04-11 09:00:00+00:00,WSW,1,1712815200,15.19936
2024-04-11 12:00:00+00:00,WSW,1,1712826000,13.85824
2024-04-11 15:00:00+00:00,SW,1,1712836800,11.176
2024-04-11 18:00:00+00:00,SSW,1,1712847600,8.04672
2024-04-11 21:00:00+00:00,SSW,1,1712858400,9.83488
2024-04-12 00:00:00+00:00,SSW,1,1712869200,8.9408
2024-04-12 03:00:00+00:00,SW,1,1712880000,9.83488
2024-04-12 06:00:00+00:00,SW,1,1712890800,11.176
2024-04-12 09:00:00+00:00,SW,1,1712901600,12.070079999999999
2024-04-12 12:00:00+00:00,WSW,1,1712912400,9.83488
2024-04-12 15:00:00+00:00,WSW,1,1712923200,8.9408
2024-04-12 18:00:00+00:00,S,1,1712934000,7.15264
2024-04-12 21:00:00+00:00,SW,1,1712944800,15.19936
2024-04-13 00:00:00+00:00,WSW,1,1712955600,15.19936
2024-04-13 03:00:00+00:00,WSW,1,1712966400,15.19936
2024-04-13 06:00:00+00:00,WSW,1,1712977200,12.96416
2024-04-13 09:00:00+00:00,SW,1,1712988000,5.81152
2024-04-13 12:00:00+00:00,SSW,1,1712998800,11.176
2024-04-13 15:00:00+00:00,WNW,1,1713009600,8.9408
2024-04-13 18:00:00+00:00,W,1,1713020400,12.070079999999999
2024-04-13 21:00:00+00:00,W,1,1713031200,13.85824
2024-04-14 00:00:00+00:00,WSW,1,1713042000,11.176
2024-04-14 03:00:00+00:00,W,1,1713052800,9.83488
2024-04-14 06:00:00+00:00,WNW,1,1713063600,12.070079999999999
2024-04-14 09:00:00+00:00,W,1,1713074400,8.9408
2024-04-14 12:00:00+00:00,SW,1,1713085200,8.04672
2024-04-14 15:00:00+00:00,S,1,1713096000,11.176
2024-04-14 18:00:00+00:00,S,1,1713106800,8.9408
2024-04-14 21:00:00+00:00,S,1,1713117600,5.81152
2024-04-15 00:00:00+00:00,S,1,1713128400,8.04672
2024-04-15 03:00:00+00:00,SSW,1,1713139200,7.15264
2024-04-15 06:00:00+00:00,WSW,1,1713150000,4.91744
2024-04-15 09:00:00+00:00,NW,1,1713160800,5.81152
2024-04-15 12:00:00+00:00,N,1,1713171600,4.91744
2024-04-15 15:00:00+00:00,N,1,1713182400,7.15264
2024-04-15 18:00:00+00:00,N,1,1713193200,12.070079999999999
2024-04-15 21:00:00+00:00,NNW,1,1713204000,8.9408
2024-04-16 00:00:00+00:00,NNW,1,1713214800,12.96416
2024-04-16 03:00:00+00:00,NNW,1,1713225600,12.070079999999999
2024-04-16 06:00:00+00:00,NNW,1,1713236400,12.96416
2024-04-16 09:00:00+00:00,NW,1,1713247200,9.83488
2024-04-16 12:00:00+00:00,NW,1,1713258000,11.176
2024-04-16 15:00:00+00:00,WNW,1,1713268800,12.070079999999999
2024-04-16 18:00:00+00:00,NW,1,1713279600,9.83488
2024-04-16 21:00:00+00:00,NNW,1,1713290400,16.98752
2024-04-17 00:00:00+00:00,N,1,1713301200,15.19936
2024-04-17 03:00:00+00:00,NNE,1,1713312000,11.176
2024-04-17 06:00:00+00:00,NE,1,1713322800,5.81152
2024-04-17 09:00:00+00:00,NNE,1,1713333600,1.78816
2024-04-17 12:00:00+00:00,NE,1,1713344400,4.91744
2024-04-17 15:00:00+00:00,NNE,1,1713355200,3.12928
2024-04-17 18:00:00+00:00,SSE,1,1713366000,0.89408
2024-04-17 21:00:00+00:00,SSW,1,1713376800,3.12928
2024-04-18 00:00:00+00:00,WSW,1,1713387600,3.12928
2024-04-18 03:00:00+00:00,SW,1,1713398400,8.04672
2024-04-18 06:00:00+00:00,SSW,1,1713409200,8.9408
2024-04-18 09:00:00+00:00,WSW,1,1713420000,12.070079999999999
2024-04-18 12:00:00+00:00,WSW,1,1713430800,9.83488
2024-04-18 15:00:00+00:00,NW,1,1713441600,9.83488
2024-04-18 18:00:00+00:00,NNW,1,1713452400,9.83488
2024-04-18 21:00:00+00:00,NNW,1,1713463200,11.176
2024-04-19 00:00:00+00:00,NNW,1,1713474000,12.070079999999999
2024-04-19 03:00:00+00:00,NNW,1,1713484800,15.19936
2024-04-19 06:00:00+00:00,NNW,1,1713495600,13.85824
2024-04-19 09:00:00+00:00,NNW,1,1713506400,15.19936
2024-04-19 12:00:00+00:00,NNW,1,1713517200,12.96416
2024-04-19 15:00:00+00:00,NNW,1,1713528000,13.85824
2024-04-19 18:00:00+00:00,N,1,1713538800,12.070079999999999
2024-04-19 21:00:00+00:00,N,1,1713549600,9.83488
2024-04-20 00:00:00+00:00,N,1,1713560400,7.15264
2024-04-20 03:00:00+00:00,N,1,1713571200,5.81152
2024-04-20 06:00:00+00:00,N,1,1713582000,4.02336
2024-04-20 09:00:00+00:00,NNW,1,1713592800,1.78816
2024-04-20 12:00:00+00:00,N,1,1713603600,1.78816
2024-04-20 15:00:00+00:00,NE,1,1713614400,0.89408
2024-04-20 18:00:00+00:00,SW,1,1713625200,0.89408
2024-04-20 21:00:00+00:00,SSE,1,1713636000,4.91744
2024-04-21 00:00:00+00:00,SSE,1,1713646800,8.04672
2024-04-21 03:00:00+00:00,SSE,1,1713657600,8.04672
2024-04-21 06:00:00+00:00,S,1,1713668400,8.04672
2024-04-21 09:00:00+00:00,SW,1,1713679200,4.91744
2024-04-21 12:00:00+00:00,WSW,1,1713690000,4.91744
2024-04-21 15:00:00+00:00,WSW,1,1713700800,5.81152
2024-04-21 18:00:00+00:00,W,1,1713711600,7.15264
2024-04-21 21:00:00+00:00,W,1,1713722400,7.15264
2024-04-22 00:00:00+00:00,WNW,1,1713733200,5.81152
2024-04-22 03:00:00+00:00,WNW,1,1713744000,7.15264
2024-04-22 06:00:00+00:00,NW,1,1713754800,5.81152
2024-04-22 09:00:00+00:00,N,1,1713765600,8.04672
2024-04-22 12:00:00+00:00,N,1,1713776400,8.04672
2024-04-22 15:00:00+00:00,NNE,1,1713787200,8.04672
2024-04-22 18:00:00+00:00,NNE,1,1713798000,8.9408
2024-04-22 21:00:00+00:00,N,1,1713808800,7.15264
2024-04-23 00:00:00+00:00,NNW,1,1713819600,8.04672
2024-04-23 03:00:00+00:00,NNW,1,1713830400,7.15264
2024-04-23 06:00:00+00:00,N,1,1713841200,8.04672
2024-04-23 09:00:00+00:00,N,1,1713852000,9.83488
2024-04-23 12:00:00+00:00,N,1,1713862800,9.83488
2024-04-23 15:00:00+00:00,NNE,1,1713873600,8.9408
2024-04-23 18:00:00+00:00,N,1,1713884400,8.9408
2024-04-23 21:00:00+00:00,N,1,1713895200,9.83488
2024-04-24 00:00:00+00:00,N,1,1713906000,8.04672
2024-04-24 03:00:00+00:00,N,1,1713916800,8.04672
2024-04-24 06:00:00+00:00,N,1,1713927600,7.15264
2024-04-24 09:00:00+00:00,NNW,1,1713938400,5.81152
2024-04-24 12:00:00+00:00,NNW,1,1713949200,7.15264
2024-04-24 15:00:00+00:00,NW,1,1713960000,9.83488
2024-04-24 18:00:00+00:00,NNW,1,1713970800,8.04672
